id_empleado;fecha_desde;fecha_hasta;id_evento;cantidad;borrable;afecta_vac
1;2003-09-08;2003-09-08;11;1;0;1
3;2003-09-23;2003-09-25;11;3;0;1
5;2003-10-13;2003-10-17;11;5;0;1
2;2003-11-24;2003-11-24;11;1;0;1
3;2003-11-27;2003-11-28;11;2;0;1
1;2003-11-29;2003-11-29;11;1;0;1
2;2003-12-15;2003-12-21;11;7;0;1
3;2003-12-17;2003-12-17;11;1;0;1
1;2003-12-29;2004-01-18;11;21;0;1
5;2004-01-05;2004-01-16;11;12;0;1
1;2004-01-31;2004-01-31;11;1;0;1
3;2004-02-03;2004-02-15;11;13;0;1
2;2004-03-04;2004-03-10;11;7;0;1
3;2004-03-10;2004-03-12;11;3;0;1
1;2004-03-18;2004-03-28;11;11;0;1
2;2004-05-19;2004-06-01;11;14;0;1
3;2004-06-23;2004-06-23;11;1;0;1
3;2004-07-22;2004-07-24;11;3;0;1
3;2004-08-25;2004-08-25;11;1;0;1
5;2004-09-02;2004-09-08;11;7;0;1
3;2004-10-07;2004-10-07;11;1;0;1
3;2004-11-08;2004-11-08;11;1;0;1
2;2004-11-29;2004-11-29;11;1;0;1
1;2004-12-06;2004-12-13;11;8;0;1
2;2004-12-13;2004-12-13;11;1;0;1
5;2004-12-27;2004-12-27;11;1;0;1
2;2005-01-22;2005-01-22;11;1;0;1
3;2005-01-24;2005-02-06;11;14;0;1
5;2005-02-07;2005-02-13;11;7;0;1
1;2005-02-22;2005-02-23;11;2;0;1
2;2005-05-17;2005-05-23;11;7;0;1
3;2005-05-26;2005-05-31;11;6;0;1
1;2005-06-01;2005-06-22;11;22;0;1
5;2005-06-13;2005-06-18;11;6;0;1
1;2005-06-23;2005-06-30;11;8;0;1
1;2005-07-01;2005-07-21;11;21;0;1
5;2005-07-11;2005-07-24;11;14;0;1
2;2005-07-30;2005-07-30;11;1;0;1
2;2005-09-12;2005-09-12;11;1;0;1
3;2005-09-14;2005-09-15;11;2;0;1
1;2005-10-04;2005-10-04;11;1;0;1
2;2005-11-07;2005-11-14;11;8;0;1
1;2005-12-12;2005-12-15;11;4;0;1
3;2005-12-26;2006-01-09;11;15;0;1
5;2006-01-09;2006-01-15;11;7;0;1
2;2006-02-24;2006-02-26;11;3;0;1
2;2006-03-15;2006-03-19;11;5;0;1
3;2006-04-17;2006-04-17;11;1;0;1
3;2006-04-27;2006-04-27;7;1;0;0
3;2006-05-20;2006-05-20;11;1;0;1
3;2006-06-05;2006-06-05;11;1;0;1
2;2006-06-07;2006-06-07;11;1;0;1
5;2006-07-10;2006-07-23;11;14;0;1
2;2006-07-20;2006-07-24;11;5;0;1
3;2006-07-24;2006-07-25;11;2;0;1
1;2006-08-02;2006-08-03;11;2;0;1
8;2006-08-21;2006-08-21;11;1;0;1
3;2006-09-07;2006-09-08;11;2;0;1
2;2006-09-11;2006-09-11;11;1;0;1
2;2006-10-09;2006-10-16;11;8;0;1
1;2006-10-16;2006-10-16;11;1;0;1
3;2006-11-06;2006-11-08;11;3;0;1
2;2006-12-02;2006-12-07;11;6;0;1
3;2006-12-19;2006-12-20;11;2;0;1
3;2007-01-08;2007-01-21;11;14;0;1
2;2007-01-26;2007-01-31;11;6;0;1
5;2007-02-05;2007-02-18;11;14;0;1
2;2007-03-05;2007-03-05;11;1;0;1
3;2007-03-12;2007-03-12;11;1;0;1
8;2007-04-10;2007-04-15;11;6;0;1
3;2007-04-13;2007-04-13;11;1;0;1
2;2007-04-14;2007-04-18;11;5;0;1
1;2007-04-30;2007-04-30;11;1;0;1
7;2007-05-07;2007-05-13;11;7;0;1
1;2007-05-14;2007-05-15;11;2;0;1
2;2007-05-26;2007-05-29;11;4;0;1
1;2007-06-06;2007-06-21;11;16;0;1
2;2007-06-07;2007-06-10;11;4;0;1
5;2007-06-21;2007-06-26;11;6;0;1
7;2007-07-12;2007-07-12;11;1;0;1
3;2007-07-23;2007-07-23;11;1;0;1
3;2007-08-03;2007-08-03;11;1;0;1
8;2007-08-09;2007-08-18;2;10;0;0
2;2007-09-06;2007-09-09;11;4;0;1
7;2007-09-10;2007-09-10;11;1;0;1
3;2007-09-20;2007-09-20;11;1;0;1
1;2007-09-24;2007-09-30;11;7;0;1
8;2007-11-12;2007-11-18;11;7;0;1
1;2007-11-16;2007-11-17;11;2;0;1
2;2007-11-26;2007-11-26;11;1;0;1
2;2007-12-01;2007-12-08;11;8;0;1
3;2007-12-08;2007-12-08;11;1;0;1
1;2007-12-24;2007-12-24;11;1;0;1
2;2007-12-29;2007-12-29;11;1;0;1
2;2008-01-02;2008-01-09;11;8;0;1
5;2008-01-02;2008-01-13;11;12;0;1
5;2008-01-14;2008-01-15;11;2;0;1
3;2008-01-18;2008-02-03;11;17;0;1
1;2008-02-04;2008-02-04;11;1;0;1
2;2008-03-03;2008-03-03;11;1;0;1
8;2008-03-17;2008-03-30;11;14;0;1
7;2008-03-24;2008-04-06;11;14;0;1
8;2008-04-17;2008-04-17;11;1;0;1
2;2008-04-21;2008-04-25;11;5;0;1
8;2008-04-25;2008-04-25;11;1;0;1
1;2008-04-25;2008-05-18;11;24;0;1
7;2008-05-06;2008-05-15;11;10;0;1
3;2008-05-10;2008-05-10;11;1;0;1
2;2008-05-20;2008-06-12;11;24;0;1
3;2008-06-03;2008-06-04;11;2;0;1
2;2008-06-16;2008-06-20;11;5;0;1
2;2008-07-03;2008-07-05;11;3;0;1
3;2008-07-04;2008-07-19;11;16;0;1
1;2008-07-19;2008-07-31;11;13;0;1
1;2008-08-01;2008-08-06;11;6;0;1
7;2008-08-18;2008-08-24;11;7;0;1
2;2008-08-25;2008-08-26;11;2;0;1
3;2008-08-28;2008-08-28;11;1;0;1
8;2008-09-01;2008-09-07;11;7;0;1
1;2008-09-01;2008-09-14;11;14;0;1
5;2008-09-04;2008-09-05;11;2;0;1
8;2008-09-08;2008-09-12;11;5;0;1
7;2008-09-09;2008-09-10;11;2;0;1
7;2008-10-08;2008-10-08;11;1;0;1
1;2008-10-09;2008-10-09;11;1;0;1
2;2008-10-15;2008-10-18;11;4;0;1
2;2008-11-04;2008-11-27;11;24;0;1
7;2008-11-05;2008-11-07;11;3;0;1
5;2008-11-14;2008-11-15;11;2;0;1
8;2008-11-27;2008-11-27;11;1;0;1
2;2008-11-28;2008-11-29;11;2;0;1
1;2008-11-29;2008-11-29;11;1;0;1
2;2008-12-01;2008-12-02;11;2;0;1
7;2008-12-16;2008-12-16;11;1;0;1
1;2008-12-22;2008-12-23;11;2;0;1
2;2009-01-02;2009-01-03;11;2;0;1
1;2009-01-08;2009-01-08;11;1;0;1
5;2009-01-12;2009-01-25;11;14;0;1
7;2009-01-22;2009-01-22;11;1;0;1
3;2009-01-26;2009-02-08;11;14;0;1
2;2009-02-09;2009-02-15;11;7;0;1
7;2009-02-16;2009-02-22;11;7;0;1
2;2009-02-21;2009-02-23;11;3;0;1
1;2009-02-23;2009-03-01;11;7;0;1
1;2009-03-16;2009-03-16;11;1;0;1
2;2009-03-23;2009-03-23;11;1;0;1
2;2009-04-06;2009-04-07;8;2;0;0
5;2009-04-11;2009-04-11;11;1;0;1
8;2009-04-13;2009-04-19;11;7;0;1
2;2009-04-20;2009-04-20;11;1;0;1
7;2009-04-27;2009-04-27;11;1;0;1
1;2009-04-27;2009-04-30;11;4;0;1
5;2009-04-30;2009-05-03;11;4;0;1
1;2009-05-08;2009-05-08;11;1;0;1
7;2009-05-19;2009-05-19;11;1;0;1
1;2009-06-08;2009-06-08;11;1;0;1
2;2009-06-12;2009-06-18;11;7;0;1
3;2009-06-18;2009-06-18;11;1;0;1
5;2009-07-13;2009-07-19;11;7;0;1
3;2009-08-05;2009-08-05;11;1;0;1
1;2009-08-10;2009-08-10;11;1;0;1
7;2009-08-24;2009-08-25;11;2;0;1
1;2009-09-01;2009-09-03;11;3;0;1
3;2009-09-09;2009-09-11;11;3;0;1
2;2009-09-24;2009-09-28;11;5;0;1
7;2009-10-05;2009-10-07;11;3;0;1
1;2009-10-15;2009-10-15;11;1;0;1
2;2009-10-19;2009-10-19;11;1;0;1
3;2009-10-29;2009-10-29;11;1;0;1
5;2009-10-31;2009-10-31;11;1;0;1
1;2009-11-02;2009-11-03;11;2;0;1
2;2009-11-09;2009-11-10;11;2;0;1
5;2009-11-21;2009-11-21;11;1;0;1
1;2009-12-12;2009-12-22;11;11;0;1
5;2009-12-24;2009-12-27;11;4;0;1
5;2010-01-11;2010-01-24;11;14;0;1
2;2010-01-22;2010-01-23;11;2;0;1
3;2010-01-25;2010-02-07;11;14;0;1
2;2010-02-05;2010-02-09;11;5;0;1
5;2010-02-08;2010-02-28;11;21;0;1
7;2010-02-18;2010-02-28;11;11;0;1
1;2010-02-20;2010-02-22;11;3;0;1
5;2010-03-20;2010-03-20;11;1;0;1
2;2010-03-29;2010-03-29;11;1;0;1
3;2010-04-07;2010-04-15;11;9;0;1
2;2010-04-08;2010-04-09;11;2;0;1
1;2010-04-10;2010-04-10;11;1;0;1
3;2010-04-16;2010-05-13;11;28;0;1
8;2010-04-23;2010-04-25;11;3;0;1
8;2010-04-26;2010-05-08;11;13;0;1
3;2010-05-14;2010-05-26;11;13;0;1
2;2010-05-17;2010-05-17;11;1;0;1
7;2010-05-22;2010-05-22;11;1;0;1
2;2010-06-07;2010-06-09;11;3;0;1
1;2010-07-03;2010-07-03;11;1;0;1
5;2010-07-12;2010-07-18;11;7;0;1
2;2010-07-16;2010-08-01;11;17;0;1
8;2010-07-26;2010-07-27;11;2;0;1
1;2010-08-09;2010-08-10;11;2;0;1
2;2010-08-09;2010-08-10;11;2;0;1
5;2010-08-28;2010-08-28;11;1;0;1
5;2010-09-11;2010-09-11;11;1;0;1
2;2010-09-22;2010-09-22;11;1;0;1
8;2010-09-25;2010-09-25;11;1;0;1
5;2010-10-16;2010-10-16;11;1;0;1
7;2010-10-19;2010-10-19;11;1;0;1
10;2010-11-06;2010-11-06;11;1;0;1
2;2010-11-08;2010-11-08;11;1;0;1
7;2010-11-08;2010-11-08;11;1;0;1
5;2010-11-29;2010-12-05;11;7;0;1
8;2010-12-07;2010-12-07;11;1;0;1
1;2010-12-11;2010-12-11;11;1;0;1
2;2010-12-17;2010-12-17;11;1;0;1
9;2011-01-03;2011-01-09;11;7;0;1
1;2011-01-08;2011-01-10;11;3;0;1
8;2011-01-10;2011-01-16;11;7;0;1
7;2011-01-10;2011-01-23;11;14;0;1
5;2011-01-17;2011-01-30;11;14;0;1
1;2011-01-24;2011-02-06;11;14;0;1
3;2011-01-31;2011-02-13;11;14;0;1
2;2011-02-14;2011-02-27;11;14;0;1
5;2011-03-12;2011-03-12;11;1;0;1
2;2011-03-14;2011-03-15;11;2;0;1
1;2011-03-17;2011-03-26;11;10;0;1
1;2011-03-28;2011-03-31;11;4;0;1
8;2011-04-14;2011-04-14;11;1;0;1
1;2011-04-28;2011-04-28;11;1;0;1
7;2011-05-04;2011-05-04;11;1;0;1
2;2011-05-14;2011-05-24;11;11;0;1
10;2011-05-23;2011-06-05;11;14;0;1
3;2011-05-24;2011-05-29;11;6;0;1
1;2011-05-30;2011-05-30;11;1;0;1
2;2011-06-06;2011-06-08;11;3;0;1
9;2011-06-13;2011-06-20;11;8;0;1
7;2011-06-18;2011-06-18;11;1;0;1
2;2011-07-04;2011-07-06;11;3;0;1
8;2011-07-11;2011-07-13;11;3;0;1
5;2011-07-11;2011-07-17;11;7;0;1
1;2011-07-11;2011-07-19;11;9;0;1
8;2011-07-14;2011-07-14;11;1;0;1
7;2011-07-25;2011-07-27;11;3;0;1
9;2011-08-03;2011-08-03;11;1;0;1
10;2011-08-03;2011-08-03;11;1;0;1
7;2011-08-12;2011-08-12;11;1;0;1
2;2011-08-16;2011-08-19;11;4;0;1
8;2011-08-26;2011-08-26;11;1;0;1
2;2011-09-05;2011-09-11;11;7;0;1
3;2011-09-14;2011-09-14;11;1;0;1
7;2011-09-19;2011-09-20;11;2;0;1
1;2011-09-24;2011-09-26;11;3;0;1
1;2011-10-12;2011-10-14;11;3;0;1
5;2011-10-17;2011-10-23;11;7;0;1
2;2011-10-19;2011-10-19;11;1;0;1
7;2011-10-24;2011-10-28;11;5;0;1
8;2011-11-07;2011-11-09;11;3;0;1
2;2011-11-21;2011-11-22;11;2;0;1
8;2011-12-07;2011-12-16;2;10;0;0
1;2011-12-07;2011-12-20;11;14;0;1
3;2011-12-10;2011-12-10;11;1;0;1
7;2011-12-12;2011-12-12;11;1;0;1
10;2011-12-15;2011-12-26;11;12;0;1
5;2011-12-16;2011-12-18;11;3;0;1
2;2011-12-27;2011-12-27;11;1;0;1
5;2012-01-16;2012-01-29;11;14;0;1
11;2012-01-16;2012-01-29;11;14;0;1
8;2012-01-30;2012-02-05;11;7;0;1
1;2012-01-30;2012-02-12;11;14;0;1
3;2012-01-30;2012-02-12;11;14;0;1
9;2012-02-25;2012-02-25;11;1;0;1
2;2012-03-01;2012-03-07;11;7;0;1
1;2012-03-03;2012-03-06;11;4;0;1
3;2012-03-05;2012-03-06;11;2;0;1
8;2012-03-05;2012-03-19;11;15;0;1
9;2012-03-09;2012-03-09;11;1;0;1
9;2012-04-09;2012-04-22;11;14;0;1
3;2012-04-10;2012-04-10;11;1;0;1
7;2012-04-18;2012-04-18;11;1;0;1
5;2012-04-28;2012-04-28;11;1;0;1
9;2012-05-07;2012-05-07;11;1;0;1
2;2012-05-12;2012-05-14;11;3;0;1
10;2012-05-18;2012-05-19;11;2;0;1
8;2012-05-26;2012-05-29;11;4;0;1
3;2012-05-28;2012-05-30;11;3;0;1
5;2012-07-10;2012-07-17;11;8;0;1
7;2012-07-19;2012-07-19;11;1;0;1
9;2012-07-23;2012-07-23;11;1;0;1
7;2012-08-14;2012-08-15;8;2;0;0
9;2012-08-28;2012-08-28;11;1;0;1
11;2012-08-31;2012-09-02;11;3;0;1
3;2012-09-04;2012-09-04;11;1;0;1
5;2012-09-21;2012-09-21;11;1;0;1
1;2012-09-21;2012-09-22;11;2;0;1
8;2012-09-29;2012-09-29;11;1;0;1
1;2012-10-02;2012-10-16;11;15;0;1
9;2012-10-10;2012-10-11;11;2;0;1
1;2012-10-22;2012-10-22;11;1;0;1
5;2012-10-27;2012-10-27;11;1;0;1
2;2012-11-01;2012-11-15;11;15;0;1
1;2012-11-05;2012-11-05;11;1;0;1
10;2012-11-10;2012-11-10;11;1;0;1
1;2012-12-09;2012-12-21;11;13;0;1
9;2012-12-11;2012-12-11;11;1;0;1
8;2012-12-12;2012-12-12;11;1;0;1
2;2012-12-26;2012-12-26;11;1;0;1
5;2012-12-29;2012-12-29;11;1;0;1
3;2013-01-07;2013-01-20;11;14;0;1
11;2013-01-21;2013-01-31;11;11;0;1
5;2013-01-21;2013-02-05;11;16;0;1
1;2013-01-24;2013-01-24;11;1;0;1
1;2013-02-07;2013-02-07;11;1;0;1
7;2013-02-09;2013-02-09;11;1;0;1
10;2013-02-09;2013-02-09;11;1;0;1
2;2013-02-13;2013-02-13;11;1;0;1
9;2013-02-23;2013-02-23;11;1;0;1
7;2013-03-09;2013-03-09;11;1;0;1
9;2013-03-28;2013-03-28;11;1;0;1
3;2013-03-28;2013-03-30;11;3;0;1
1;2013-03-30;2013-03-30;11;1;0;1
10;2013-04-13;2013-04-13;11;1;0;1
9;2013-04-22;2013-05-05;11;14;0;1
3;2013-05-22;2013-05-22;11;1;0;1
1;2013-06-01;2013-06-01;11;1;0;1
1;2013-06-02;2013-06-05;11;4;0;1
2;2013-06-06;2013-06-08;11;3;0;1
2;2013-06-08;2013-06-08;11;1;0;1
12;2013-06-13;2013-06-26;11;14;0;1
9;2013-06-14;2013-06-14;11;1;0;1
3;2013-06-17;2013-06-20;11;4;0;1
7;2013-06-22;2013-06-22;11;1;0;1
8;2013-06-27;2013-06-27;11;1;0;1
7;2013-07-04;2013-07-05;11;2;0;1
13;2013-07-04;2013-07-07;11;4;0;1
5;2013-07-08;2013-07-14;11;7;0;1
10;2013-07-17;2013-07-17;11;1;0;1
13;2013-07-24;2013-07-24;11;1;0;1
2;2013-07-26;2013-07-26;11;1;0;1
8;2013-07-27;2013-07-27;11;1;0;1
2;2013-08-03;2013-08-08;11;6;0;1
11;2013-08-06;2013-08-06;11;1;0;1
9;2013-08-07;2013-08-07;11;1;0;1
3;2013-08-12;2013-08-12;11;1;0;1
5;2013-08-24;2013-08-24;11;1;0;1
1;2013-08-31;2013-08-31;11;1;0;1
8;2013-09-06;2013-09-06;11;1;0;1
9;2013-09-06;2013-09-06;11;1;0;1
7;2013-09-07;2013-09-07;11;1;0;1
1;2013-09-18;2013-09-28;11;11;0;1
5;2013-09-20;2013-09-20;11;1;0;1
10;2013-09-21;2013-09-21;11;1;0;1
2;2013-09-23;2013-09-25;11;3;0;1
12;2013-10-01;2013-10-01;11;1;0;1
11;2013-10-19;2013-10-19;11;1;0;1
3;2013-10-28;2013-11-11;11;15;0;1
10;2013-11-09;2013-11-09;11;1;0;1
12;2013-11-11;2013-11-11;11;1;0;1
5;2013-11-16;2013-11-16;11;1;0;1
10;2013-11-18;2013-11-22;11;5;0;1
1;2013-11-26;2013-11-26;11;1;0;1
2;2013-12-16;2013-12-29;11;14;0;1
5;2013-12-30;2014-01-12;11;14;0;1
7;2014-01-13;2014-01-26;11;14;0;1
9;2014-01-28;2014-01-28;11;1;0;1
3;2014-02-01;2014-02-16;11;16;0;1
1;2014-02-10;2014-02-23;11;14;0;1
11;2014-02-14;2014-02-16;11;3;0;1
10;2014-02-24;2014-03-09;11;14;0;1
8;2014-03-10;2014-03-18;11;9;0;1
5;2014-03-28;2014-03-31;11;4;0;1
2;2014-03-29;2014-03-31;11;3;0;1
9;2014-04-19;2014-04-19;11;1;0;1
10;2014-04-26;2014-04-26;11;1;0;1
1;2014-05-06;2014-05-12;11;7;0;1
2;2014-05-17;2014-05-26;11;10;0;1
12;2014-05-23;2014-05-23;11;1;0;1
9;2014-05-30;2014-05-30;11;1;0;1
1;2014-06-05;2014-06-10;11;6;0;1
9;2014-06-09;2014-06-19;11;11;0;1
8;2014-06-16;2014-06-22;11;7;0;1
5;2014-06-21;2014-06-21;11;1;0;1
2;2014-07-05;2014-07-05;11;1;0;1
7;2014-07-12;2014-07-12;11;1;0;1
5;2014-07-14;2014-07-20;11;7;0;1
11;2014-07-19;2014-07-19;11;1;0;1
12;2014-07-21;2014-07-22;11;2;0;1
13;2014-07-21;2014-07-29;11;9;0;1
3;2014-07-24;2014-07-27;11;4;0;1
9;2014-07-25;2014-07-25;11;1;0;1
12;2014-08-01;2014-08-08;11;8;0;1
12;2014-08-15;2014-08-15;11;1;0;1
13;2014-09-01;2014-09-02;11;2;0;1
11;2014-09-01;2014-09-08;11;8;0;1
10;2014-09-09;2014-09-10;11;2;0;1
9;2014-09-19;2014-09-19;11;1;0;1
2;2014-09-22;2014-09-29;11;8;0;1
12;2014-09-29;2014-09-29;11;1;0;1
2;2014-10-06;2014-10-07;11;2;0;1
8;2014-10-09;2014-10-15;11;7;0;1
7;2014-10-14;2014-10-14;11;1;0;1
8;2014-10-24;2014-10-26;11;3;0;1
3;2014-10-25;2014-10-25;11;1;0;1
13;2014-11-10;2014-11-16;11;7;0;1
9;2014-11-14;2014-11-14;11;1;0;1
12;2014-11-17;2014-11-17;11;1;0;1
1;2014-11-22;2014-11-22;11;1;0;1
7;2014-11-27;2014-11-27;11;1;0;1
2;2014-12-05;2014-12-06;11;2;0;1
1;2014-12-06;2014-12-06;11;1;0;1
10;2014-12-15;2014-12-29;11;15;0;1
8;2015-01-05;2015-01-18;11;14;0;1
5;2015-01-10;2015-01-28;11;19;0;1
2;2015-01-17;2015-01-17;11;1;0;1
7;2015-01-30;2015-02-08;11;10;0;1
3;2015-02-02;2015-02-15;11;14;0;1
11;2015-02-02;2015-02-15;11;14;0;1
2;2015-02-23;2015-03-08;11;14;0;1
1;2015-03-09;2015-03-15;11;7;0;1
2;2015-03-09;2015-03-18;11;10;0;1
5;2015-03-17;2015-03-17;11;1;0;1
1;2015-04-13;2015-04-26;11;14;0;1
2;2015-04-24;2015-04-24;11;1;0;1
5;2015-05-02;2015-05-02;11;1;0;1
9;2015-05-11;2015-05-12;11;2;0;1
1;2015-05-19;2015-05-19;11;1;0;1
12;2015-06-01;2015-06-12;11;12;0;1
10;2015-06-06;2015-06-06;11;1;0;1
1;2015-06-13;2015-06-13;11;1;0;1
9;2015-06-15;2015-06-15;11;1;0;1
11;2015-06-17;2015-06-17;11;1;0;1
8;2015-06-20;2015-06-20;11;1;0;1
2;2015-06-27;2015-06-27;11;1;0;1
13;2015-07-01;2015-07-09;11;9;0;1
9;2015-07-04;2015-07-04;11;1;0;1
7;2015-07-13;2015-07-19;11;7;0;1
14;2015-07-14;2015-07-14;11;1;0;1
10;2015-07-20;2015-07-27;11;8;0;1
1;2015-07-25;2015-08-03;11;10;0;1
3;2015-07-29;2015-08-01;11;4;0;1
8;2015-08-05;2015-08-05;11;1;0;1
3;2015-08-28;2015-09-06;11;10;0;1
8;2015-08-31;2015-08-31;11;1;0;1
13;2015-09-05;2015-09-05;11;1;0;1
2;2015-09-09;2015-09-15;11;7;0;1
9;2015-09-14;2015-09-14;11;1;0;1
1;2015-09-14;2015-10-03;11;20;0;1
7;2015-09-19;2015-10-02;11;14;0;1
7;2015-10-03;2015-10-03;11;1;0;1
11;2015-10-03;2015-10-03;11;1;0;1
7;2015-10-14;2015-10-21;11;8;0;1
10;2015-10-17;2015-10-19;11;3;0;1
2;2015-10-24;2015-10-24;11;1;0;1
9;2015-10-24;2015-10-27;11;4;0;1
5;2015-11-02;2015-11-02;11;1;0;1
10;2015-11-07;2015-11-07;11;1;0;1
7;2015-11-14;2015-11-14;11;1;0;1
2;2015-11-20;2015-11-25;11;6;0;1
9;2015-11-28;2015-11-28;11;1;0;1
1;2015-12-10;2015-12-13;11;4;0;1
7;2015-12-18;2015-12-20;11;3;0;1
9;2015-12-26;2015-12-26;11;1;0;1
5;2015-12-28;2015-12-30;11;3;0;1
10;2015-12-28;2016-01-10;11;14;0;1
8;2016-01-09;2016-01-09;11;1;0;1
10;2016-01-09;2016-01-22;11;14;0;1
7;2016-01-14;2016-01-20;11;7;0;1
2;2016-01-21;2016-01-24;11;4;0;1
3;2016-01-25;2016-02-05;11;12;0;1
5;2016-02-01;2016-02-21;11;21;0;1
8;2016-02-06;2016-02-19;11;14;0;1
11;2016-02-06;2016-02-19;11;14;0;1
12;2016-02-06;2016-02-19;11;14;0;1
13;2016-02-06;2016-02-19;11;14;0;1
7;2016-02-08;2016-02-21;11;14;0;1
2;2016-02-12;2016-02-21;11;10;0;1
14;2016-02-22;2016-03-06;11;14;0;1
2;2016-02-27;2016-02-27;11;1;0;1
8;2016-03-08;2016-03-08;11;1;0;1
9;2016-03-08;2016-03-09;11;2;0;1
10;2016-03-12;2016-03-12;11;1;0;1
7;2016-03-26;2016-03-26;11;1;0;1
3;2016-03-26;2016-03-30;11;5;0;1
2;2016-03-30;2016-03-30;11;1;0;1
11;2016-04-09;2016-04-09;11;1;0;1
2;2016-04-15;2016-04-24;11;10;0;1
1;2016-04-25;2016-05-02;11;8;0;1
7;2016-05-02;2016-05-02;11;1;0;1
9;2016-05-06;2016-05-09;11;4;0;1
10;2016-05-21;2016-05-21;11;1;0;1
9;2016-06-14;2016-06-14;11;1;0;1
7;2016-06-15;2016-06-15;11;1;0;1
1;2016-07-11;2016-07-31;11;21;0;1
7;2016-07-15;2016-07-15;11;1;0;1
5;2016-07-18;2016-07-24;11;7;0;1
3;2016-07-25;2016-07-31;11;7;0;1
2;2016-08-03;2016-08-04;11;2;0;1
9;2016-08-08;2016-08-15;11;8;0;1
7;2016-08-19;2016-08-19;11;1;0;1
13;2016-08-20;2016-08-20;11;1;0;1
1;2016-08-27;2016-08-27;11;1;0;1
5;2016-08-27;2016-08-27;11;1;0;1
7;2016-09-05;2016-09-06;11;2;0;1
14;2016-09-06;2016-09-06;11;1;0;1
9;2016-09-13;2016-09-15;11;3;0;1
2;2016-09-21;2016-09-22;11;2;0;1
1;2016-09-22;2016-09-23;11;2;0;1
5;2016-09-30;2016-10-02;11;3;0;1
3;2016-10-04;2016-10-04;11;1;0;1
7;2016-10-05;2016-10-05;11;1;0;1
1;2016-10-06;2016-10-06;11;1;0;1
9;2016-10-13;2016-10-13;11;1;0;1
10;2016-10-13;2016-10-13;11;1;0;1
2;2016-10-15;2016-10-15;11;1;0;1
3;2016-10-26;2016-10-26;11;1;0;1
7;2016-11-05;2016-11-05;11;1;0;1
13;2016-11-19;2016-11-19;11;1;0;1
2;2016-11-24;2016-11-25;11;2;0;1
5;2016-12-03;2016-12-03;11;1;0;1
8;2016-12-10;2016-12-10;11;1;0;1
14;2016-12-12;2016-12-25;11;14;0;1
11;2016-12-15;2016-12-15;11;1;0;1
9;2016-12-26;2017-01-08;11;14;0;1
12;2017-01-02;2017-01-15;11;14;0;1
7;2017-01-09;2017-01-15;11;7;0;1
3;2017-01-19;2017-02-05;11;18;0;1
11;2017-01-30;2017-02-12;11;14;0;1
5;2017-02-03;2017-02-19;11;17;0;1
2;2017-02-08;2017-02-14;11;7;0;1
5;2017-02-20;2017-02-21;11;2;0;1
7;2017-02-20;2017-03-05;11;14;0;1
13;2017-02-27;2017-03-12;11;14;0;1
2;2017-03-06;2017-03-19;11;14;0;1
8;2017-03-27;2017-04-09;11;14;0;1
1;2017-03-31;2017-04-02;11;3;0;1
3;2017-04-01;2017-04-01;11;1;0;1
1;2017-04-17;2017-04-18;11;2;0;1
13;2017-04-24;2017-04-25;11;2;0;1
9;2017-05-04;2017-05-05;11;2;0;1
7;2017-05-08;2017-05-08;11;1;0;1
5;2017-05-13;2017-05-13;11;1;0;1
1;2017-05-30;2017-06-04;11;6;0;1
2;2017-06-02;2017-06-02;11;1;0;1
1;2017-06-05;2017-06-05;11;1;0;1
9;2017-06-12;2017-06-15;11;4;0;1
5;2017-07-10;2017-07-23;11;14;0;1
10;2017-07-13;2017-07-17;11;5;0;1
2;2017-07-21;2017-07-22;11;2;0;1
7;2017-07-22;2017-07-22;11;1;0;1
9;2017-07-24;2017-07-26;11;3;0;1
3;2017-07-24;2017-07-30;11;7;0;1
2;2017-08-03;2017-08-04;11;2;0;1
11;2017-08-04;2017-08-04;11;1;0;1
8;2017-08-05;2017-08-05;11;1;0;1
14;2017-08-12;2017-08-12;11;1;0;1
10;2017-08-14;2017-08-14;11;1;0;1
7;2017-08-15;2017-08-16;11;2;0;1
9;2017-08-19;2017-08-19;11;1;0;1
5;2017-08-26;2017-08-26;11;1;0;1
2;2017-09-07;2017-09-09;11;3;0;1
9;2017-09-11;2017-09-11;11;1;0;1
10;2017-09-16;2017-09-16;11;1;0;1
1;2017-10-05;2017-10-06;11;2;0;1
2;2017-10-09;2017-10-18;11;10;0;1
10;2017-10-21;2017-10-21;11;1;0;1
9;2017-10-28;2017-10-28;11;1;0;1
3;2017-10-30;2017-11-08;11;10;0;1
2;2017-11-01;2017-11-05;11;5;0;1
7;2017-11-04;2017-11-04;11;1;0;1
9;2017-11-06;2017-11-06;11;1;0;1
11;2017-11-11;2017-11-13;11;3;0;1
14;2017-11-13;2017-11-26;11;14;0;1
1;2017-12-05;2017-12-18;11;14;0;1
8;2017-12-18;2017-12-18;11;1;0;1
1;2017-12-19;2017-12-25;11;7;0;1
10;2017-12-20;2017-12-20;11;1;0;1
9;2017-12-26;2018-01-07;11;13;0;1
8;2018-01-07;2018-01-20;11;14;0;1
10;2018-01-15;2018-01-28;11;14;0;1
13;2018-01-21;2018-02-03;11;14;0;1
3;2018-01-22;2018-02-04;11;14;0;1
11;2018-02-04;2018-02-17;11;14;0;1
1;2018-02-07;2018-02-07;11;1;0;1
9;2018-02-09;2018-02-10;11;2;0;1
8;2018-02-10;2018-02-23;11;14;0;1
11;2018-02-10;2018-02-23;11;14;0;1
12;2018-02-10;2018-02-23;11;14;0;1
13;2018-02-10;2018-02-23;11;14;0;1
1;2018-02-16;2018-02-20;11;5;0;1
5;2018-02-26;2018-03-11;11;14;0;1
14;2018-03-13;2018-03-13;11;1;0;1
7;2018-03-17;2018-03-17;11;1;0;1
7;2018-04-03;2018-04-15;11;13;0;1
2;2018-04-14;2018-04-14;11;1;0;1
9;2018-04-16;2018-04-16;11;1;0;1
3;2018-04-27;2018-04-30;11;4;0;1
1;2018-04-28;2018-04-28;11;1;0;1
14;2018-04-30;2018-04-30;11;1;0;1
2;2018-05-05;2018-05-05;11;1;0;1
1;2018-05-08;2018-05-08;11;1;0;1
10;2018-05-12;2018-05-12;11;1;0;1
7;2018-05-14;2018-05-14;11;1;0;1
9;2018-05-14;2018-05-14;11;1;0;1
9;2018-06-01;2018-06-02;11;2;0;1
11;2018-06-01;2018-06-03;11;3;0;1
2;2018-06-05;2018-06-06;11;2;0;1
1;2018-06-09;2018-06-09;11;1;0;1
13;2018-06-09;2018-06-09;11;1;0;1
9;2018-07-02;2018-07-02;11;1;0;1
1;2018-07-12;2018-07-12;11;1;0;1
7;2018-07-14;2018-07-14;11;1;0;1
10;2018-07-21;2018-07-21;11;1;0;1
3;2018-07-23;2018-07-29;11;7;0;1
2;2018-07-26;2018-07-28;11;3;0;1
14;2018-07-31;2018-07-31;11;1;0;1
8;2018-08-04;2018-08-04;11;1;0;1
9;2018-08-06;2018-08-07;11;2;0;1
2;2018-08-07;2018-08-08;11;2;0;1
7;2018-08-08;2018-08-08;11;1;0;1
5;2018-08-21;2018-08-21;11;1;0;1
10;2018-08-25;2018-08-25;11;1;0;1
1;2018-09-01;2018-09-02;11;2;0;1
2;2018-09-12;2018-09-16;11;5;0;1
14;2018-09-17;2018-09-20;11;4;0;1
7;2018-09-24;2018-09-25;11;2;0;1
9;2018-09-24;2018-09-26;11;3;0;1
11;2018-09-24;2018-10-03;2;10;0;0
2;2018-10-03;2018-10-04;11;2;0;1
9;2018-10-08;2018-10-09;11;2;0;1
7;2018-10-13;2018-10-13;11;1;0;1
5;2018-10-20;2018-10-20;11;1;0;1
10;2018-10-20;2018-10-20;11;1;0;1
8;2018-10-22;2018-11-04;11;14;0;1
5;2018-11-09;2018-11-10;11;2;0;1
11;2018-11-10;2018-11-10;11;1;0;1
7;2018-11-10;2018-11-19;11;10;0;1
10;2018-11-12;2018-11-12;11;1;0;1
9;2018-11-12;2018-11-13;8;2;0;0
14;2018-11-17;2018-11-17;11;1;0;1
9;2018-11-20;2018-11-21;11;2;0;1
2;2018-11-21;2018-12-02;11;12;0;1
9;2018-12-10;2018-12-10;11;1;0;1
8;2018-12-15;2018-12-15;11;1;0;1
1;2018-12-24;2019-01-06;11;14;0;1
12;2019-01-02;2019-01-16;11;15;0;1
9;2019-01-14;2019-01-27;11;14;0;1
3;2019-01-21;2019-02-03;11;14;0;1
10;2019-02-04;2019-02-17;11;14;0;1
2;2019-02-23;2019-02-23;11;1;0;1
10;2019-03-28;2019-03-28;11;1;0;1
2;2019-03-30;2019-03-30;11;1;0;1
14;2019-04-08;2019-04-14;11;7;0;1
2;2019-04-11;2019-04-16;11;6;0;1
10;2019-04-18;2019-04-18;11;1;0;1
13;2019-04-18;2019-04-21;11;4;0;1
9;2019-05-06;2019-05-07;11;2;0;1
14;2019-05-07;2019-05-13;11;7;0;1
2;2019-05-13;2019-05-15;11;3;0;1
5;2019-05-13;2019-05-19;11;7;0;1
5;2019-05-21;2019-05-21;11;1;0;1
1;2019-05-27;2019-05-27;11;1;0;1
8;2019-06-03;2019-06-09;11;7;0;1
7;2019-06-08;2019-06-08;11;1;0;1
12;2019-07-08;2019-07-21;11;14;0;1
5;2019-07-12;2019-07-21;11;10;0;1
9;2019-07-22;2019-07-22;11;1;0;1
14;2019-07-27;2019-07-27;11;1;0;1
3;2019-08-01;2019-08-04;11;4;0;1
8;2019-08-03;2019-08-03;11;1;0;1
1;2019-08-05;2019-08-18;11;14;0;1
11;2019-08-06;2019-08-06;11;1;0;1
14;2019-08-21;2019-08-21;11;1;0;1
5;2019-08-24;2019-08-24;11;1;0;1
7;2019-08-26;2019-09-08;11;14;0;1
2;2019-08-31;2019-08-31;11;1;0;1
2;2019-09-10;2019-09-16;11;7;0;1
3;2019-09-10;2019-09-16;11;7;0;1
1;2019-09-13;2019-09-13;11;1;0;1
8;2019-09-21;2019-09-23;11;3;0;1
2;2019-10-02;2019-10-02;11;1;0;1
1;2019-10-02;2019-10-04;11;3;0;1
9;2019-10-07;2019-10-07;11;1;0;1
14;2019-10-23;2019-10-23;11;1;0;1
7;2019-10-26;2019-10-26;11;1;0;1
9;2019-11-01;2019-11-01;11;1;0;1
2;2019-11-01;2019-11-06;11;6;0;1
15;2019-11-05;2019-11-05;11;1;0;1
15;2019-11-11;2019-11-11;11;1;0;1
7;2019-11-14;2019-11-14;11;1;0;1
13;2019-11-14;2019-11-17;11;4;0;1
8;2019-11-18;2019-12-01;11;14;0;1
14;2019-11-23;2019-11-23;11;1;0;1
2;2019-12-02;2019-12-16;11;15;0;1
5;2019-12-09;2019-12-17;11;9;0;1
5;2019-12-21;2019-12-21;11;1;0;1
14;2019-12-23;2020-01-05;11;14;0;1
10;2020-01-11;2020-01-11;11;1;0;1
1;2020-01-13;2020-01-26;11;14;0;1
9;2020-01-18;2020-01-18;11;1;0;1
3;2020-01-27;2020-02-09;11;14;0;1
15;2020-01-27;2020-02-09;11;14;0;1
9;2020-02-03;2020-02-16;11;14;0;1
13;2020-02-08;2020-02-08;11;1;0;1
11;2020-02-17;2020-03-01;11;14;0;1
14;2020-02-22;2020-02-22;11;1;0;1
10;2020-02-26;2020-03-09;11;13;0;1
12;2020-03-02;2020-03-16;11;15;0;1
7;2020-03-09;2020-03-12;11;4;0;1
13;2020-03-09;2020-03-22;11;14;0;1
5;2020-03-21;2020-03-21;11;1;0;1
9;2020-04-20;2020-04-20;11;1;0;1
9;2020-04-20;2020-04-20;11;1;0;1
1;2020-05-02;2020-05-02;11;1;0;1
14;2020-05-06;2020-05-06;11;1;0;1
2;2020-05-08;2020-05-09;11;2;0;1
7;2020-05-13;2020-05-13;11;1;0;1
8;2020-05-20;2020-05-20;11;1;0;1
9;2020-06-06;2020-06-06;11;1;0;1
2;2020-06-29;2020-06-29;11;1;0;1
2;2020-07-06;2020-07-07;11;2;0;1
8;2020-07-17;2020-07-17;11;1;0;1
9;2020-07-18;2020-07-18;11;1;0;1
1;2020-07-20;2020-07-21;11;2;0;1
7;2020-07-27;2020-07-27;11;1;0;1
11;2020-07-30;2020-07-30;11;1;0;1
1;2020-08-10;2020-08-11;11;2;0;1
2;2020-08-10;2020-08-14;11;5;0;1
13;2020-08-12;2020-08-12;11;1;0;1
8;2020-08-20;2020-08-20;11;1;0;1
10;2020-08-20;2020-08-20;11;1;0;1
14;2020-09-02;2020-09-03;11;2;0;1
5;2020-09-12;2020-09-12;11;1;0;1
10;2020-09-12;2020-09-12;11;1;0;1
1;2020-09-14;2020-09-15;11;2;0;1
2;2020-09-15;2020-09-17;11;3;0;1
9;2020-09-19;2020-09-19;11;1;0;1
7;2020-09-25;2020-09-27;11;3;0;1
7;2020-10-07;2020-10-07;11;1;0;1
5;2020-10-10;2020-10-10;11;1;0;1
8;2020-10-15;2020-10-16;8;2;0;0
9;2020-10-16;2020-10-17;11;2;0;1
8;2020-10-17;2020-11-01;11;16;0;1
2;2020-10-19;2020-10-21;11;3;0;1
10;2020-10-21;2020-10-21;11;1;0;1
5;2020-10-24;2020-10-24;11;1;0;1
1;2020-10-29;2020-10-31;11;3;0;1
14;2020-10-31;2020-10-31;11;1;0;1
13;2020-11-05;2020-11-06;11;2;0;1
5;2020-11-24;2020-11-29;11;6;0;1
2;2020-11-24;2020-11-30;11;7;0;1
7;2020-11-30;2020-12-14;11;15;0;1
14;2020-12-16;2020-12-16;11;1;0;1
2;2020-12-21;2021-01-03;11;14;0;1
11;2021-01-04;2021-01-17;11;14;0;1
8;2021-01-18;2021-01-31;11;14;0;1
14;2021-01-18;2021-01-31;11;14;0;1
1;2021-01-20;2021-01-20;11;1;0;1
7;2021-01-25;2021-01-25;11;1;0;1
1;2021-02-01;2021-02-14;11;14;0;1
15;2021-02-01;2021-02-14;11;14;0;1
3;2021-02-10;2021-02-16;11;7;0;1
12;2021-02-20;2021-02-28;11;9;0;1
9;2021-02-22;2021-03-07;11;14;0;1
12;2021-03-01;2021-03-14;11;14;0;1
5;2021-03-08;2021-03-14;11;7;0;1
10;2021-03-08;2021-03-21;11;14;0;1
13;2021-03-15;2021-03-15;11;1;0;1
2;2021-03-22;2021-03-23;11;2;0;1
13;2021-03-22;2021-04-04;11;14;0;1
1;2021-03-23;2021-03-23;11;1;0;1
3;2021-04-05;2021-04-06;11;2;0;1
10;2021-04-08;2021-04-08;11;1;0;1
7;2021-04-14;2021-04-14;11;1;0;1
14;2021-04-14;2021-04-14;11;1;0;1
13;2021-04-16;2021-04-16;11;1;0;1
9;2021-04-19;2021-04-19;11;1;0;1
8;2021-04-20;2021-04-20;11;1;0;1
1;2021-04-20;2021-04-22;11;3;0;1
2;2021-04-21;2021-04-21;11;1;0;1
1;2021-05-05;2021-05-05;11;1;0;1
2;2021-05-05;2021-05-07;11;3;0;1
8;2021-05-20;2021-05-20;11;1;0;1
1;2021-06-23;2021-06-25;11;3;0;1
1;2021-06-28;2021-06-30;3;3;0;0
8;2021-06-29;2021-06-29;11;1;0;1
8;2021-06-29;2021-06-29;11;1;0;1
3;2021-07-16;2021-07-28;11;13;0;1
13;2021-07-24;2021-07-24;11;1;0;1
1;2021-07-27;2021-07-27;11;1;0;1
9;2021-08-02;2021-08-02;11;1;0;1
14;2021-08-11;2021-08-11;11;1;0;1
1;2021-08-26;2021-08-26;11;1;0;1
7;2021-08-31;2021-08-31;11;1;0;1
14;2021-09-09;2021-09-09;11;1;0;1
2;2021-09-20;2021-09-20;11;1;0;1
1;2021-10-01;2021-10-01;11;1;0;1
5;2021-10-01;2021-10-01;11;1;0;1
13;2021-10-09;2021-10-09;11;1;0;1
11;2021-10-18;2021-10-18;11;1;0;1
5;2021-10-22;2021-10-22;11;1;0;1
5;2021-11-29;2021-12-12;11;14;0;1
8;2021-12-24;2022-01-07;11;15;0;1
11;2021-12-24;2022-01-07;11;15;0;1
12;2021-12-24;2022-01-07;11;15;0;1
13;2021-12-24;2022-01-07;11;15;0;1
15;2021-12-24;2022-01-07;11;15;0;1
10;2021-12-31;2021-12-31;11;1;0;1
10;2022-01-03;2022-01-10;11;8;0;1
11;2022-01-08;2022-01-09;11;2;0;1
10;2022-01-24;2022-01-30;11;7;0;1
3;2022-01-31;2022-02-13;11;14;0;1
2;2022-02-14;2022-02-14;11;1;0;1
5;2022-02-14;2022-02-22;11;9;0;1
11;2022-02-23;2022-03-01;11;7;0;1
2;2022-03-07;2022-03-20;11;14;0;1
9;2022-03-21;2022-03-22;11;2;0;1
5;2022-03-28;2022-04-05;11;9;0;1
7;2022-03-28;2022-04-10;11;14;0;1
8;2022-04-19;2022-04-19;11;1;0;1
14;2022-04-25;2022-05-08;11;14;0;1
2;2022-05-09;2022-05-09;11;1;0;1
5;2022-05-16;2022-05-22;11;7;0;1
9;2022-05-26;2022-05-26;11;1;0;1
8;2022-06-15;2022-06-15;11;1;0;1