{"paths": {"admin/js/vendor/select2/i18n/af.js": "admin/js/vendor/select2/i18n/af.b03483e1e9e6.js", "admin/js/vendor/select2/i18n/ar.js": "admin/js/vendor/select2/i18n/ar.8805cb817f58.js", "admin/js/vendor/select2/i18n/az.js": "admin/js/vendor/select2/i18n/az.6236c7429891.js", "admin/js/vendor/select2/i18n/bg.js": "admin/js/vendor/select2/i18n/bg.2bb639d9db98.js", "admin/js/vendor/select2/i18n/bn.js": "admin/js/vendor/select2/i18n/bn.04e3ad3c557a.js", "admin/js/vendor/select2/i18n/bs.js": "admin/js/vendor/select2/i18n/bs.7dcc0f93e7cb.js", "admin/js/vendor/select2/i18n/ca.js": "admin/js/vendor/select2/i18n/ca.2463a5862975.js", "admin/js/vendor/select2/i18n/cs.js": "admin/js/vendor/select2/i18n/cs.e2d5190024e7.js", "admin/js/vendor/select2/i18n/da.js": "admin/js/vendor/select2/i18n/da.c5b263ee4ba6.js", "admin/js/vendor/select2/i18n/de.js": "admin/js/vendor/select2/i18n/de.b6d7419dfbb6.js", "admin/js/vendor/select2/i18n/dsb.js": "admin/js/vendor/select2/i18n/dsb.b1ab3ffb70cf.js", "admin/js/vendor/select2/i18n/el.js": "admin/js/vendor/select2/i18n/el.b9449ec9469c.js", "admin/js/vendor/select2/i18n/en.js": "admin/js/vendor/select2/i18n/en.a736240bea8a.js", "admin/js/vendor/select2/i18n/es.js": "admin/js/vendor/select2/i18n/es.3ae888b7b053.js", "admin/js/vendor/select2/i18n/et.js": "admin/js/vendor/select2/i18n/et.2bd9febda721.js", "admin/js/vendor/select2/i18n/eu.js": "admin/js/vendor/select2/i18n/eu.c43c61d954be.js", "admin/js/vendor/select2/i18n/fa.js": "admin/js/vendor/select2/i18n/fa.142f247c1211.js", "admin/js/vendor/select2/i18n/fi.js": "admin/js/vendor/select2/i18n/fi.c40303e39caf.js", "admin/js/vendor/select2/i18n/fr.js": "admin/js/vendor/select2/i18n/fr.224a5e4b028d.js", "admin/js/vendor/select2/i18n/gl.js": "admin/js/vendor/select2/i18n/gl.0141f0744bab.js", "admin/js/vendor/select2/i18n/he.js": "admin/js/vendor/select2/i18n/he.828f17d170db.js", "admin/js/vendor/select2/i18n/hi.js": "admin/js/vendor/select2/i18n/hi.83ba5a2eeae2.js", "admin/js/vendor/select2/i18n/hr.js": "admin/js/vendor/select2/i18n/hr.922b85b38959.js", "admin/js/vendor/select2/i18n/hsb.js": "admin/js/vendor/select2/i18n/hsb.ad373a5362d5.js", "admin/js/vendor/select2/i18n/hu.js": "admin/js/vendor/select2/i18n/hu.e45c27137569.js", "admin/js/vendor/select2/i18n/hy.js": "admin/js/vendor/select2/i18n/hy.150864ec3413.js", "admin/js/vendor/select2/i18n/id.js": "admin/js/vendor/select2/i18n/id.2e53f749e4d5.js", "admin/js/vendor/select2/i18n/is.js": "admin/js/vendor/select2/i18n/is.686d32e4d5e6.js", "admin/js/vendor/select2/i18n/it.js": "admin/js/vendor/select2/i18n/it.1b16e89ede3b.js", "admin/js/vendor/select2/i18n/ja.js": "admin/js/vendor/select2/i18n/ja.b94b9c0e70a3.js", "admin/js/vendor/select2/i18n/ka.js": "admin/js/vendor/select2/i18n/ka.a81569ec3800.js", "admin/js/vendor/select2/i18n/km.js": "admin/js/vendor/select2/i18n/km.53fed178211e.js", "admin/js/vendor/select2/i18n/ko.js": "admin/js/vendor/select2/i18n/ko.703f3ba62f25.js", "admin/js/vendor/select2/i18n/lt.js": "admin/js/vendor/select2/i18n/lt.23264ff51adc.js", "admin/js/vendor/select2/i18n/lv.js": "admin/js/vendor/select2/i18n/lv.5e32e4139043.js", "admin/js/vendor/select2/i18n/mk.js": "admin/js/vendor/select2/i18n/mk.465bc25ef379.js", "admin/js/vendor/select2/i18n/ms.js": "admin/js/vendor/select2/i18n/ms.3c136724820b.js", "admin/js/vendor/select2/i18n/nb.js": "admin/js/vendor/select2/i18n/nb.e08b1d6c871c.js", "admin/js/vendor/select2/i18n/ne.js": "admin/js/vendor/select2/i18n/ne.a42f5beff9ec.js", "admin/js/vendor/select2/i18n/nl.js": "admin/js/vendor/select2/i18n/nl.8cbdab7e04f7.js", "admin/js/vendor/select2/i18n/pl.js": "admin/js/vendor/select2/i18n/pl.f4f4faf127a4.js", "admin/js/vendor/select2/i18n/ps.js": "admin/js/vendor/select2/i18n/ps.c86fab96d81e.js", "admin/js/vendor/select2/i18n/pt-BR.js": "admin/js/vendor/select2/i18n/pt-BR.68eb3f525246.js", "admin/js/vendor/select2/i18n/pt.js": "admin/js/vendor/select2/i18n/pt.1fad42b6e5ee.js", "admin/js/vendor/select2/i18n/ro.js": "admin/js/vendor/select2/i18n/ro.086b564db1fc.js", "admin/js/vendor/select2/i18n/ru.js": "admin/js/vendor/select2/i18n/ru.d32023858d04.js", "admin/js/vendor/select2/i18n/sk.js": "admin/js/vendor/select2/i18n/sk.52694b5411f4.js", "admin/js/vendor/select2/i18n/sl.js": "admin/js/vendor/select2/i18n/sl.8ef1f853317e.js", "admin/js/vendor/select2/i18n/sq.js": "admin/js/vendor/select2/i18n/sq.59703b8bbe56.js", "admin/js/vendor/select2/i18n/sr-Cyrl.js": "admin/js/vendor/select2/i18n/sr-Cyrl.5102c929b784.js", "admin/js/vendor/select2/i18n/sr.js": "admin/js/vendor/select2/i18n/sr.f16300898acb.js", "admin/js/vendor/select2/i18n/sv.js": "admin/js/vendor/select2/i18n/sv.3faeff791d68.js", "admin/js/vendor/select2/i18n/th.js": "admin/js/vendor/select2/i18n/th.44c77cd647ed.js", "admin/js/vendor/select2/i18n/tk.js": "admin/js/vendor/select2/i18n/tk.3cc937544b8c.js", "admin/js/vendor/select2/i18n/tr.js": "admin/js/vendor/select2/i18n/tr.1dca8ca775f2.js", "admin/js/vendor/select2/i18n/uk.js": "admin/js/vendor/select2/i18n/uk.85ebeaf28923.js", "admin/js/vendor/select2/i18n/vi.js": "admin/js/vendor/select2/i18n/vi.cca9e768f3e2.js", "admin/js/vendor/select2/i18n/zh-CN.js": "admin/js/vendor/select2/i18n/zh-CN.d90daee0e141.js", "admin/js/vendor/select2/i18n/zh-TW.js": "admin/js/vendor/select2/i18n/zh-TW.458105e1f5f2.js", "admin/css/vendor/select2/LICENSE-SELECT2.md": "admin\\css\\vendor\\select2\\LICENSE-SELECT2.1f589eea356a.md", "admin/css/vendor/select2/select2.css": "admin/css/vendor/select2/select2.f939bc2aee8c.css", "admin/css/vendor/select2/select2.min.css": "admin/css/vendor/select2/select2.min.ba5948c0bda0.css", "admin/js/vendor/jquery/jquery.js": "admin/js/vendor/jquery/jquery.fb1817b96c65.js", "admin/js/vendor/jquery/jquery.min.js": "admin/js/vendor/jquery/jquery.min.b61aa6e2d68d.js", "admin/js/vendor/jquery/LICENSE.txt": "admin\\js\\vendor\\jquery\\LICENSE.37f24151c605.txt", "admin/js/vendor/select2/LICENSE.md": "admin\\js\\vendor\\select2\\LICENSE.1f589eea356a.md", "admin/js/vendor/select2/select2.full.js": "admin/js/vendor/select2/select2.full.d6ee614f69ff.js", "admin/js/vendor/select2/select2.full.min.js": "admin/js/vendor/select2/select2.full.min.c98e452180e2.js", "admin/js/vendor/xregexp/LICENSE.txt": "admin\\js\\vendor\\xregexp\\LICENSE.68b3887b6178.txt", "admin/js/vendor/xregexp/xregexp.js": "admin/js/vendor/xregexp/xregexp.747e89df78d1.js", "admin/js/vendor/xregexp/xregexp.min.js": "admin/js/vendor/xregexp/xregexp.min.b52bd5e0d60e.js", "admin/img/gis/move_vertex_off.svg": "admin\\img\\gis\\move_vertex_off.7a23bf31ef8a.svg", "admin/img/gis/move_vertex_on.svg": "admin\\img\\gis\\move_vertex_on.0047eba25b67.svg", "admin/js/admin/DateTimeShortcuts.js": "admin/js/admin/DateTimeShortcuts.d20eb55fd2f8.js", "admin/js/admin/RelatedObjectLookups.js": "admin/js/admin/RelatedObjectLookups.ffd63adf6c29.js", "admin/css/autocomplete.css": "admin/css/autocomplete.57931c8a7a75.css", "admin/css/base.css": "admin/css/base.4f2bf218f4ad.css", "admin/css/changelists.css": "admin/css/changelists.e76d68ad6fbb.css", "admin/css/dashboard.css": "admin/css/dashboard.a8f1da086c43.css", "admin/css/fonts.css": "admin/css/fonts.05c4ca8302ce.css", "admin/css/forms.css": "admin/css/forms.00b3453aa4c4.css", "admin/css/login.css": "admin/css/login.4355fafa1085.css", "admin/css/nav_sidebar.css": "admin/css/nav_sidebar.e29a8f2ad6fd.css", "admin/css/responsive.css": "admin/css/responsive.6b65b6192ebe.css", "admin/css/responsive_rtl.css": "admin/css/responsive_rtl.70c8dcb015c7.css", "admin/css/rtl.css": "admin/css/rtl.be4995c659b3.css", "admin/css/widgets.css": "admin/css/widgets.bc8d96a7aec4.css", "admin/fonts/LICENSE.txt": "admin\\fonts\\LICENSE.d273d63619c9.txt", "admin/fonts/README.txt": "admin\\fonts\\README.9fd087f799aa.txt", "admin/fonts/Roboto-Bold-webfont.woff": "admin\\fonts\\Roboto-Bold-webfont.50d75e48e0a3.woff", "admin/fonts/Roboto-Light-webfont.woff": "admin\\fonts\\Roboto-Light-webfont.c73eb1ceba33.woff", "admin/fonts/Roboto-Regular-webfont.woff": "admin\\fonts\\Roboto-Regular-webfont.35b07eb2f871.woff", "admin/img/calendar-icons.svg": "admin\\img\\calendar-icons.7fcf51f468cd.svg", "admin/img/icon-addlink.svg": "admin\\img\\icon-addlink.4001bb35b6f9.svg", "admin/img/icon-alert.svg": "admin\\img\\icon-alert.21c61971fb51.svg", "admin/img/icon-calendar.svg": "admin\\img\\icon-calendar.f79fad8cf422.svg", "admin/img/icon-changelink.svg": "admin\\img\\icon-changelink.9f469bf75d66.svg", "admin/img/icon-clock.svg": "admin\\img\\icon-clock.f8568e874626.svg", "admin/img/icon-deletelink.svg": "admin\\img\\icon-deletelink.4059963bd772.svg", "admin/img/icon-no.svg": "admin\\img\\icon-no.233633bc1364.svg", "admin/img/icon-unknown-alt.svg": "admin\\img\\icon-unknown-alt.1c8558418835.svg", "admin/img/icon-unknown.svg": "admin\\img\\icon-unknown.6529f104fa6a.svg", "admin/img/icon-viewlink.svg": "admin\\img\\icon-viewlink.a48d0b5895d8.svg", "admin/img/icon-yes.svg": "admin\\img\\icon-yes.06589da83e26.svg", "admin/img/inline-delete.svg": "admin\\img\\inline-delete.7f49a5c418b3.svg", "admin/img/LICENSE": "admin\\img\\LICENSE.603f72159989", "admin/img/README.txt": "admin\\img\\README.688dfa02d745.txt", "admin/img/search.svg": "admin\\img\\search.c78f90f3e6f5.svg", "admin/img/selector-icons.svg": "admin\\img\\selector-icons.3b59b80f599a.svg", "admin/img/sorting-icons.svg": "admin\\img\\sorting-icons.bbfc41068350.svg", "admin/img/tooltag-add.svg": "admin\\img\\tooltag-add.cf20e2410f14.svg", "admin/img/tooltag-arrowright.svg": "admin\\img\\tooltag-arrowright.5d363e8887ce.svg", "admin/js/actions.js": "admin/js/actions.c4d71d570add.js", "admin/js/autocomplete.js": "admin/js/autocomplete.5b4ca2ae18d4.js", "admin/js/calendar.js": "admin/js/calendar.15841342e065.js", "admin/js/cancel.js": "admin/js/cancel.1228c7fd2a13.js", "admin/js/change_form.js": "admin/js/change_form.9b0a1db78509.js", "admin/js/collapse.js": "admin/js/collapse.614f9fae2f4d.js", "admin/js/core.js": "admin/js/core.93cfe1f9c229.js", "admin/js/inlines.js": "admin/js/inlines.76464a4d2f04.js", "admin/js/jquery.init.js": "admin/js/jquery.init.e7255eadcce0.js", "admin/js/nav_sidebar.js": "admin/js/nav_sidebar.21d43120a736.js", "admin/js/popup_response.js": "admin/js/popup_response.f57b78011280.js", "admin/js/prepopulate.js": "admin/js/prepopulate.4c552da9c710.js", "admin/js/prepopulate_init.js": "admin/js/prepopulate_init.6470ae53cd66.js", "admin/js/SelectBox.js": "admin/js/SelectBox.6621ffd26153.js", "admin/js/SelectFilter2.js": "admin/js/SelectFilter2.145619c56270.js", "admin/js/urlify.js": "admin/js/urlify.1dd709c80c8f.js", "personal/css/style.css": "personal/css/style.09472f84947f.css", "personal/js/scripts.js": "personal/js/scripts.a1de431966f9.js", "admin/css/dark_mode.css": "admin/css/dark_mode.4e3d1504ca81.css", "admin/js/filters.js": "admin/js/filters.295a9d3d8b6a.js"}, "version": "1.0"}